Workbook

Sheet Test Summary
A1: Module | B1: Total Test Cases | C1: Executed | D1: Pass | E1: Fail | F1: N/A | G1: Pass Rate (%)
A2: M01_SignIn | B2: 4 | C2: 4 | D2: 4 | E2: 0 | F2: 0 | G2: =D2/C2 -> 1
A3: M02_SignUp | B3: 3 | C3: 3 | D3: 3 | E3: 0 | F3: 0 | G3: =D3/C3 -> 1
A4: M03_ViewCart | B4: 4 | C4: 4 | D4: 3 | E4: 1 | F4: 0 | G4: =D4/C4 -> 0.75
A5: M04_ViewProduct | B5: 2 | C5: 2 | D5: 2 | E5: 0 | F5: 0 | G5: =D5/C5 -> 1
A6: M05_SearchProduct | B6: 3 | C6: 3 | D6: 3 | E6: 0 | F6: 0 | G6: =D6/C6 -> 1
A7: M06_ManageProduct | B7: 5 | C7: 5 | D7: 5 | E7: 0 | F7: 0 | G7: =D7/C7 -> 1
A8: M07_ManageUser | B8: 4 | C8: 4 | D8: 3 | E8: 1 | F8: 0 | G8: =D8/C8 -> 0.75
A9: M08_Checkout | B9: 4 | C9: 4 | D9: 3 | E9: 1 | F9: 0 | G9: =D9/C9 -> 0.75
A10: Tổng | B10: =SUM(B2:B9) -> 29 | C10: =SUM(C2:C9) -> 29 | D10: =SUM(D2:D9) -> 26 | E10: =SUM(E2:E9) -> 3 | F10: =SUM(F2:F9) -> 0
A12: Test successful coverage | B12: =D10/(C10-F10) -> 0.89655172

Sheet Defect Summary
A1: Defect ID | B1: Module | C1: Testcase ID | D1: Title/Short Description | E1: Priority | F1: Severity
A2: #1 | B2: M03_ViewCart | C2: M03-4 | D2: Không xóa sản phẩm khi số lượng = 0 | E2: High | F2: Major
A3: #2 | B3: M07_ManageUser | C3: M07-4 | D3: Admin vẫn có thể xóa chính mình | E3: High | F3: Critical
A4: #3 | B4: M08_Checkout | C4: M08-3 | D4: Không kiểm tra trường bắt buộc | E4: Medium | F4: Major

Sheet Test Metrics
A1: Tổng số test case | B1: ='Test Summary'!B10 -> 29
A2: Số test case đã chạy | B2: ='Test Summary'!C10 -> 29
A3: Pass | B3: ='Test Summary'!D10 -> 26
A4: Fail | B4: ='Test Summary'!E10 -> 3
A5: Tỷ lệ Pass | B5: ='Test Summary'!B12 -> 0.89655172
A6: Tổng số defect | B6: =COUNTA('Defect Summary'!A:A)-1 -> 3
A7: Critical | B7: =COUNTIF('Defect Summary'!$F$2:$F$4,"Critical") -> 1
A8: Major | B8: =COUNTIF('Defect Summary'!$F$2:$F$4,"Major") -> 2
A9: Minor | B9: =COUNTIF('Defect Summary'!$F$2:$F$4,"Minor") -> 0
